Dataset,method,Iteration,Random_train_col,Column,1th Iteration RMSE,2th Iteration RMSE,3th Iteration RMSE,4th Iteration RMSE,5th Iteration RMSE,6th Iteration RMSE,7th Iteration RMSE,8th Iteration RMSE,9th Iteration RMSE,10th Iteration RMSE,11th Iteration RMSE,12th Iteration RMSE,13th Iteration RMSE,14th Iteration RMSE,15th Iteration RMSE,16th Iteration RMSE,17th Iteration RMSE,18th Iteration RMSE,19th Iteration RMSE,20th Iteration RMSE,21th Iteration RMSE,22th Iteration RMSE,23th Iteration RMSE,24th Iteration RMSE,25th Iteration RMSE,26th Iteration RMSE,27th Iteration RMSE,28th Iteration RMSE,29th Iteration RMSE,30th Iteration RMSE
9_abalone,chain02_datawig,1,"['Shucked weight', 'Diameter', 'Viscera weight', 'Height', 'Length', 'Whole weight', 'Rings', 'Shell weight']",Shucked weight,0.14961361782706648,,,,,,,,,,,,,,,,,,,,,,,,,,,,,
9_abalone,chain02_datawig,1,"['Shucked weight', 'Diameter', 'Viscera weight', 'Height', 'Length', 'Whole weight', 'Rings', 'Shell weight']",Diameter,0.16218816921065962,,,,,,,,,,,,,,,,,,,,,,,,,,,,,
9_abalone,chain02_datawig,1,"['Shucked weight', 'Diameter', 'Viscera weight', 'Height', 'Length', 'Whole weight', 'Rings', 'Shell weight']",Viscera weight,0.3076093975247086,,,,,,,,,,,,,,,,,,,,,,,,,,,,,
9_abalone,chain02_datawig,1,"['Shucked weight', 'Diameter', 'Viscera weight', 'Height', 'Length', 'Whole weight', 'Rings', 'Shell weight']",Height,0.1670744264115625,,,,,,,,,,,,,,,,,,,,,,,,,,,,,
9_abalone,chain02_datawig,1,"['Shucked weight', 'Diameter', 'Viscera weight', 'Height', 'Length', 'Whole weight', 'Rings', 'Shell weight']",Length,0.16338954209871595,,,,,,,,,,,,,,,,,,,,,,,,,,,,,
9_abalone,chain02_datawig,1,"['Shucked weight', 'Diameter', 'Viscera weight', 'Height', 'Length', 'Whole weight', 'Rings', 'Shell weight']",Whole weight,0.15552102534571713,,,,,,,,,,,,,,,,,,,,,,,,,,,,,
9_abalone,chain02_datawig,1,"['Shucked weight', 'Diameter', 'Viscera weight', 'Height', 'Length', 'Whole weight', 'Rings', 'Shell weight']",Rings,0.11467842389833964,,,,,,,,,,,,,,,,,,,,,,,,,,,,,
9_abalone,chain02_datawig,1,"['Shucked weight', 'Diameter', 'Viscera weight', 'Height', 'Length', 'Whole weight', 'Rings', 'Shell weight']",Shell weight,0.15932302279075677,,,,,,,,,,,,,,,,,,,,,,,,,,,,,
9_abalone,chain02_datawig,2,"['Shucked weight', 'Diameter', 'Viscera weight', 'Height', 'Length', 'Whole weight', 'Rings', 'Shell weight']",Shucked weight,,0.16440365640753807,,,,,,,,,,,,,,,,,,,,,,,,,,,,
9_abalone,chain02_datawig,2,"['Shucked weight', 'Diameter', 'Viscera weight', 'Height', 'Length', 'Whole weight', 'Rings', 'Shell weight']",Diameter,,0.1689812875735979,,,,,,,,,,,,,,,,,,,,,,,,,,,,
9_abalone,chain02_datawig,2,"['Shucked weight', 'Diameter', 'Viscera weight', 'Height', 'Length', 'Whole weight', 'Rings', 'Shell weight']",Viscera weight,,0.18312353833750206,,,,,,,,,,,,,,,,,,,,,,,,,,,,
9_abalone,chain02_datawig,2,"['Shucked weight', 'Diameter', 'Viscera weight', 'Height', 'Length', 'Whole weight', 'Rings', 'Shell weight']",Height,,0.1727200268995883,,,,,,,,,,,,,,,,,,,,,,,,,,,,
9_abalone,chain02_datawig,2,"['Shucked weight', 'Diameter', 'Viscera weight', 'Height', 'Length', 'Whole weight', 'Rings', 'Shell weight']",Length,,0.18002377637247616,,,,,,,,,,,,,,,,,,,,,,,,,,,,
9_abalone,chain02_datawig,2,"['Shucked weight', 'Diameter', 'Viscera weight', 'Height', 'Length', 'Whole weight', 'Rings', 'Shell weight']",Whole weight,,0.19268798132768283,,,,,,,,,,,,,,,,,,,,,,,,,,,,
9_abalone,chain02_datawig,2,"['Shucked weight', 'Diameter', 'Viscera weight', 'Height', 'Length', 'Whole weight', 'Rings', 'Shell weight']",Rings,,0.12737896682715152,,,,,,,,,,,,,,,,,,,,,,,,,,,,
9_abalone,chain02_datawig,2,"['Shucked weight', 'Diameter', 'Viscera weight', 'Height', 'Length', 'Whole weight', 'Rings', 'Shell weight']",Shell weight,,0.16573486264092588,,,,,,,,,,,,,,,,,,,,,,,,,,,,
9_abalone,chain02_datawig,3,"['Shucked weight', 'Diameter', 'Viscera weight', 'Height', 'Length', 'Whole weight', 'Rings', 'Shell weight']",Shucked weight,,,0.1373704581837996,,,,,,,,,,,,,,,,,,,,,,,,,,,
9_abalone,chain02_datawig,3,"['Shucked weight', 'Diameter', 'Viscera weight', 'Height', 'Length', 'Whole weight', 'Rings', 'Shell weight']",Diameter,,,0.1671897959064984,,,,,,,,,,,,,,,,,,,,,,,,,,,
9_abalone,chain02_datawig,3,"['Shucked weight', 'Diameter', 'Viscera weight', 'Height', 'Length', 'Whole weight', 'Rings', 'Shell weight']",Viscera weight,,,0.16775723422607744,,,,,,,,,,,,,,,,,,,,,,,,,,,
9_abalone,chain02_datawig,3,"['Shucked weight', 'Diameter', 'Viscera weight', 'Height', 'Length', 'Whole weight', 'Rings', 'Shell weight']",Height,,,0.13454893564306628,,,,,,,,,,,,,,,,,,,,,,,,,,,
9_abalone,chain02_datawig,3,"['Shucked weight', 'Diameter', 'Viscera weight', 'Height', 'Length', 'Whole weight', 'Rings', 'Shell weight']",Length,,,0.16687622593584928,,,,,,,,,,,,,,,,,,,,,,,,,,,
9_abalone,chain02_datawig,3,"['Shucked weight', 'Diameter', 'Viscera weight', 'Height', 'Length', 'Whole weight', 'Rings', 'Shell weight']",Whole weight,,,0.16204574259151844,,,,,,,,,,,,,,,,,,,,,,,,,,,
9_abalone,chain02_datawig,3,"['Shucked weight', 'Diameter', 'Viscera weight', 'Height', 'Length', 'Whole weight', 'Rings', 'Shell weight']",Rings,,,0.1479837333400729,,,,,,,,,,,,,,,,,,,,,,,,,,,
9_abalone,chain02_datawig,3,"['Shucked weight', 'Diameter', 'Viscera weight', 'Height', 'Length', 'Whole weight', 'Rings', 'Shell weight']",Shell weight,,,0.17624986804118004,,,,,,,,,,,,,,,,,,,,,,,,,,,
9_abalone,chain02_datawig,4,"['Shucked weight', 'Diameter', 'Viscera weight', 'Height', 'Length', 'Whole weight', 'Rings', 'Shell weight']",Shucked weight,,,,0.14766170446278548,,,,,,,,,,,,,,,,,,,,,,,,,,
9_abalone,chain02_datawig,4,"['Shucked weight', 'Diameter', 'Viscera weight', 'Height', 'Length', 'Whole weight', 'Rings', 'Shell weight']",Diameter,,,,0.17880963198247796,,,,,,,,,,,,,,,,,,,,,,,,,,
9_abalone,chain02_datawig,4,"['Shucked weight', 'Diameter', 'Viscera weight', 'Height', 'Length', 'Whole weight', 'Rings', 'Shell weight']",Viscera weight,,,,0.15626990227248097,,,,,,,,,,,,,,,,,,,,,,,,,,
9_abalone,chain02_datawig,4,"['Shucked weight', 'Diameter', 'Viscera weight', 'Height', 'Length', 'Whole weight', 'Rings', 'Shell weight']",Height,,,,0.17237202125527326,,,,,,,,,,,,,,,,,,,,,,,,,,
9_abalone,chain02_datawig,4,"['Shucked weight', 'Diameter', 'Viscera weight', 'Height', 'Length', 'Whole weight', 'Rings', 'Shell weight']",Length,,,,0.19341280940322111,,,,,,,,,,,,,,,,,,,,,,,,,,
9_abalone,chain02_datawig,4,"['Shucked weight', 'Diameter', 'Viscera weight', 'Height', 'Length', 'Whole weight', 'Rings', 'Shell weight']",Whole weight,,,,0.17013757675969413,,,,,,,,,,,,,,,,,,,,,,,,,,
9_abalone,chain02_datawig,4,"['Shucked weight', 'Diameter', 'Viscera weight', 'Height', 'Length', 'Whole weight', 'Rings', 'Shell weight']",Rings,,,,0.1590749391213031,,,,,,,,,,,,,,,,,,,,,,,,,,
9_abalone,chain02_datawig,4,"['Shucked weight', 'Diameter', 'Viscera weight', 'Height', 'Length', 'Whole weight', 'Rings', 'Shell weight']",Shell weight,,,,0.16773993253406289,,,,,,,,,,,,,,,,,,,,,,,,,,
9_abalone,chain02_datawig,5,"['Shucked weight', 'Diameter', 'Viscera weight', 'Height', 'Length', 'Whole weight', 'Rings', 'Shell weight']",Shucked weight,,,,,0.16139592708016554,,,,,,,,,,,,,,,,,,,,,,,,,
9_abalone,chain02_datawig,5,"['Shucked weight', 'Diameter', 'Viscera weight', 'Height', 'Length', 'Whole weight', 'Rings', 'Shell weight']",Diameter,,,,,0.15509880725375652,,,,,,,,,,,,,,,,,,,,,,,,,
9_abalone,chain02_datawig,5,"['Shucked weight', 'Diameter', 'Viscera weight', 'Height', 'Length', 'Whole weight', 'Rings', 'Shell weight']",Viscera weight,,,,,0.1682038667445932,,,,,,,,,,,,,,,,,,,,,,,,,
9_abalone,chain02_datawig,5,"['Shucked weight', 'Diameter', 'Viscera weight', 'Height', 'Length', 'Whole weight', 'Rings', 'Shell weight']",Height,,,,,0.1524784420161573,,,,,,,,,,,,,,,,,,,,,,,,,
9_abalone,chain02_datawig,5,"['Shucked weight', 'Diameter', 'Viscera weight', 'Height', 'Length', 'Whole weight', 'Rings', 'Shell weight']",Length,,,,,0.1919800243028607,,,,,,,,,,,,,,,,,,,,,,,,,
9_abalone,chain02_datawig,5,"['Shucked weight', 'Diameter', 'Viscera weight', 'Height', 'Length', 'Whole weight', 'Rings', 'Shell weight']",Whole weight,,,,,0.17804765133291828,,,,,,,,,,,,,,,,,,,,,,,,,
9_abalone,chain02_datawig,5,"['Shucked weight', 'Diameter', 'Viscera weight', 'Height', 'Length', 'Whole weight', 'Rings', 'Shell weight']",Rings,,,,,0.15241069479682698,,,,,,,,,,,,,,,,,,,,,,,,,
9_abalone,chain02_datawig,5,"['Shucked weight', 'Diameter', 'Viscera weight', 'Height', 'Length', 'Whole weight', 'Rings', 'Shell weight']",Shell weight,,,,,0.11247897408491747,,,,,,,,,,,,,,,,,,,,,,,,,
9_abalone,chain02_datawig,6,"['Shucked weight', 'Diameter', 'Viscera weight', 'Height', 'Length', 'Whole weight', 'Rings', 'Shell weight']",Shucked weight,,,,,,0.1386687761986096,,,,,,,,,,,,,,,,,,,,,,,,
9_abalone,chain02_datawig,6,"['Shucked weight', 'Diameter', 'Viscera weight', 'Height', 'Length', 'Whole weight', 'Rings', 'Shell weight']",Diameter,,,,,,0.1689227839588697,,,,,,,,,,,,,,,,,,,,,,,,
9_abalone,chain02_datawig,6,"['Shucked weight', 'Diameter', 'Viscera weight', 'Height', 'Length', 'Whole weight', 'Rings', 'Shell weight']",Viscera weight,,,,,,0.2492271704445326,,,,,,,,,,,,,,,,,,,,,,,,
9_abalone,chain02_datawig,6,"['Shucked weight', 'Diameter', 'Viscera weight', 'Height', 'Length', 'Whole weight', 'Rings', 'Shell weight']",Height,,,,,,0.029149035495431574,,,,,,,,,,,,,,,,,,,,,,,,
9_abalone,chain02_datawig,6,"['Shucked weight', 'Diameter', 'Viscera weight', 'Height', 'Length', 'Whole weight', 'Rings', 'Shell weight']",Length,,,,,,0.1793374561539386,,,,,,,,,,,,,,,,,,,,,,,,
9_abalone,chain02_datawig,6,"['Shucked weight', 'Diameter', 'Viscera weight', 'Height', 'Length', 'Whole weight', 'Rings', 'Shell weight']",Whole weight,,,,,,0.15798791887605695,,,,,,,,,,,,,,,,,,,,,,,,
9_abalone,chain02_datawig,6,"['Shucked weight', 'Diameter', 'Viscera weight', 'Height', 'Length', 'Whole weight', 'Rings', 'Shell weight']",Rings,,,,,,0.10304385041426652,,,,,,,,,,,,,,,,,,,,,,,,
9_abalone,chain02_datawig,6,"['Shucked weight', 'Diameter', 'Viscera weight', 'Height', 'Length', 'Whole weight', 'Rings', 'Shell weight']",Shell weight,,,,,,0.1610189056281241,,,,,,,,,,,,,,,,,,,,,,,,
9_abalone,chain02_datawig,7,"['Shucked weight', 'Diameter', 'Viscera weight', 'Height', 'Length', 'Whole weight', 'Rings', 'Shell weight']",Shucked weight,,,,,,,0.1600491743348184,,,,,,,,,,,,,,,,,,,,,,,
9_abalone,chain02_datawig,7,"['Shucked weight', 'Diameter', 'Viscera weight', 'Height', 'Length', 'Whole weight', 'Rings', 'Shell weight']",Diameter,,,,,,,0.15980191597483245,,,,,,,,,,,,,,,,,,,,,,,
9_abalone,chain02_datawig,7,"['Shucked weight', 'Diameter', 'Viscera weight', 'Height', 'Length', 'Whole weight', 'Rings', 'Shell weight']",Viscera weight,,,,,,,0.177707238660829,,,,,,,,,,,,,,,,,,,,,,,
9_abalone,chain02_datawig,7,"['Shucked weight', 'Diameter', 'Viscera weight', 'Height', 'Length', 'Whole weight', 'Rings', 'Shell weight']",Height,,,,,,,0.03160221875812228,,,,,,,,,,,,,,,,,,,,,,,
9_abalone,chain02_datawig,7,"['Shucked weight', 'Diameter', 'Viscera weight', 'Height', 'Length', 'Whole weight', 'Rings', 'Shell weight']",Length,,,,,,,0.15926698269358902,,,,,,,,,,,,,,,,,,,,,,,
9_abalone,chain02_datawig,7,"['Shucked weight', 'Diameter', 'Viscera weight', 'Height', 'Length', 'Whole weight', 'Rings', 'Shell weight']",Whole weight,,,,,,,0.20101320227764974,,,,,,,,,,,,,,,,,,,,,,,
9_abalone,chain02_datawig,7,"['Shucked weight', 'Diameter', 'Viscera weight', 'Height', 'Length', 'Whole weight', 'Rings', 'Shell weight']",Rings,,,,,,,0.1431222812354733,,,,,,,,,,,,,,,,,,,,,,,
9_abalone,chain02_datawig,7,"['Shucked weight', 'Diameter', 'Viscera weight', 'Height', 'Length', 'Whole weight', 'Rings', 'Shell weight']",Shell weight,,,,,,,0.18597151083191513,,,,,,,,,,,,,,,,,,,,,,,
9_abalone,chain02_datawig,8,"['Shucked weight', 'Diameter', 'Viscera weight', 'Height', 'Length', 'Whole weight', 'Rings', 'Shell weight']",Shucked weight,,,,,,,,0.1684824499150028,,,,,,,,,,,,,,,,,,,,,,
9_abalone,chain02_datawig,8,"['Shucked weight', 'Diameter', 'Viscera weight', 'Height', 'Length', 'Whole weight', 'Rings', 'Shell weight']",Diameter,,,,,,,,0.1590578379572602,,,,,,,,,,,,,,,,,,,,,,
9_abalone,chain02_datawig,8,"['Shucked weight', 'Diameter', 'Viscera weight', 'Height', 'Length', 'Whole weight', 'Rings', 'Shell weight']",Viscera weight,,,,,,,,0.17618953414050725,,,,,,,,,,,,,,,,,,,,,,
9_abalone,chain02_datawig,8,"['Shucked weight', 'Diameter', 'Viscera weight', 'Height', 'Length', 'Whole weight', 'Rings', 'Shell weight']",Height,,,,,,,,0.030314316478946363,,,,,,,,,,,,,,,,,,,,,,
9_abalone,chain02_datawig,8,"['Shucked weight', 'Diameter', 'Viscera weight', 'Height', 'Length', 'Whole weight', 'Rings', 'Shell weight']",Length,,,,,,,,0.18061965888681641,,,,,,,,,,,,,,,,,,,,,,
9_abalone,chain02_datawig,8,"['Shucked weight', 'Diameter', 'Viscera weight', 'Height', 'Length', 'Whole weight', 'Rings', 'Shell weight']",Whole weight,,,,,,,,0.14456476660141063,,,,,,,,,,,,,,,,,,,,,,
9_abalone,chain02_datawig,8,"['Shucked weight', 'Diameter', 'Viscera weight', 'Height', 'Length', 'Whole weight', 'Rings', 'Shell weight']",Rings,,,,,,,,0.11917458021628495,,,,,,,,,,,,,,,,,,,,,,
9_abalone,chain02_datawig,8,"['Shucked weight', 'Diameter', 'Viscera weight', 'Height', 'Length', 'Whole weight', 'Rings', 'Shell weight']",Shell weight,,,,,,,,0.13718116781529993,,,,,,,,,,,,,,,,,,,,,,
9_abalone,chain02_datawig,9,"['Shucked weight', 'Diameter', 'Viscera weight', 'Height', 'Length', 'Whole weight', 'Rings', 'Shell weight']",Shucked weight,,,,,,,,,0.18738781220385622,,,,,,,,,,,,,,,,,,,,,
9_abalone,chain02_datawig,9,"['Shucked weight', 'Diameter', 'Viscera weight', 'Height', 'Length', 'Whole weight', 'Rings', 'Shell weight']",Diameter,,,,,,,,,0.13974423817309795,,,,,,,,,,,,,,,,,,,,,
9_abalone,chain02_datawig,9,"['Shucked weight', 'Diameter', 'Viscera weight', 'Height', 'Length', 'Whole weight', 'Rings', 'Shell weight']",Viscera weight,,,,,,,,,0.176811581380683,,,,,,,,,,,,,,,,,,,,,
9_abalone,chain02_datawig,9,"['Shucked weight', 'Diameter', 'Viscera weight', 'Height', 'Length', 'Whole weight', 'Rings', 'Shell weight']",Height,,,,,,,,,0.14754637407306914,,,,,,,,,,,,,,,,,,,,,
9_abalone,chain02_datawig,9,"['Shucked weight', 'Diameter', 'Viscera weight', 'Height', 'Length', 'Whole weight', 'Rings', 'Shell weight']",Length,,,,,,,,,0.1702856081736626,,,,,,,,,,,,,,,,,,,,,
9_abalone,chain02_datawig,9,"['Shucked weight', 'Diameter', 'Viscera weight', 'Height', 'Length', 'Whole weight', 'Rings', 'Shell weight']",Whole weight,,,,,,,,,0.1551459340380709,,,,,,,,,,,,,,,,,,,,,
9_abalone,chain02_datawig,9,"['Shucked weight', 'Diameter', 'Viscera weight', 'Height', 'Length', 'Whole weight', 'Rings', 'Shell weight']",Rings,,,,,,,,,0.168384713537705,,,,,,,,,,,,,,,,,,,,,
9_abalone,chain02_datawig,9,"['Shucked weight', 'Diameter', 'Viscera weight', 'Height', 'Length', 'Whole weight', 'Rings', 'Shell weight']",Shell weight,,,,,,,,,0.15734067505521246,,,,,,,,,,,,,,,,,,,,,
9_abalone,chain02_datawig,10,"['Shucked weight', 'Diameter', 'Viscera weight', 'Height', 'Length', 'Whole weight', 'Rings', 'Shell weight']",Shucked weight,,,,,,,,,,0.17251886483392845,,,,,,,,,,,,,,,,,,,,
9_abalone,chain02_datawig,10,"['Shucked weight', 'Diameter', 'Viscera weight', 'Height', 'Length', 'Whole weight', 'Rings', 'Shell weight']",Diameter,,,,,,,,,,0.16103413153106247,,,,,,,,,,,,,,,,,,,,
9_abalone,chain02_datawig,10,"['Shucked weight', 'Diameter', 'Viscera weight', 'Height', 'Length', 'Whole weight', 'Rings', 'Shell weight']",Viscera weight,,,,,,,,,,0.1822937191295949,,,,,,,,,,,,,,,,,,,,
9_abalone,chain02_datawig,10,"['Shucked weight', 'Diameter', 'Viscera weight', 'Height', 'Length', 'Whole weight', 'Rings', 'Shell weight']",Height,,,,,,,,,,0.14698463339693832,,,,,,,,,,,,,,,,,,,,
9_abalone,chain02_datawig,10,"['Shucked weight', 'Diameter', 'Viscera weight', 'Height', 'Length', 'Whole weight', 'Rings', 'Shell weight']",Length,,,,,,,,,,0.17375578507300726,,,,,,,,,,,,,,,,,,,,
9_abalone,chain02_datawig,10,"['Shucked weight', 'Diameter', 'Viscera weight', 'Height', 'Length', 'Whole weight', 'Rings', 'Shell weight']",Whole weight,,,,,,,,,,0.17309281398654436,,,,,,,,,,,,,,,,,,,,
9_abalone,chain02_datawig,10,"['Shucked weight', 'Diameter', 'Viscera weight', 'Height', 'Length', 'Whole weight', 'Rings', 'Shell weight']",Rings,,,,,,,,,,0.09434168848926296,,,,,,,,,,,,,,,,,,,,
9_abalone,chain02_datawig,10,"['Shucked weight', 'Diameter', 'Viscera weight', 'Height', 'Length', 'Whole weight', 'Rings', 'Shell weight']",Shell weight,,,,,,,,,,0.14628224287015243,,,,,,,,,,,,,,,,,,,,
9_abalone,chain02_datawig,11,"['Shucked weight', 'Diameter', 'Viscera weight', 'Height', 'Length', 'Whole weight', 'Rings', 'Shell weight']",Shucked weight,,,,,,,,,,,0.1461963626582128,,,,,,,,,,,,,,,,,,,
9_abalone,chain02_datawig,11,"['Shucked weight', 'Diameter', 'Viscera weight', 'Height', 'Length', 'Whole weight', 'Rings', 'Shell weight']",Diameter,,,,,,,,,,,0.14012056138693035,,,,,,,,,,,,,,,,,,,
9_abalone,chain02_datawig,11,"['Shucked weight', 'Diameter', 'Viscera weight', 'Height', 'Length', 'Whole weight', 'Rings', 'Shell weight']",Viscera weight,,,,,,,,,,,0.2590265155822511,,,,,,,,,,,,,,,,,,,
9_abalone,chain02_datawig,11,"['Shucked weight', 'Diameter', 'Viscera weight', 'Height', 'Length', 'Whole weight', 'Rings', 'Shell weight']",Height,,,,,,,,,,,0.17720573891281435,,,,,,,,,,,,,,,,,,,
9_abalone,chain02_datawig,11,"['Shucked weight', 'Diameter', 'Viscera weight', 'Height', 'Length', 'Whole weight', 'Rings', 'Shell weight']",Length,,,,,,,,,,,0.18522443425025617,,,,,,,,,,,,,,,,,,,
9_abalone,chain02_datawig,11,"['Shucked weight', 'Diameter', 'Viscera weight', 'Height', 'Length', 'Whole weight', 'Rings', 'Shell weight']",Whole weight,,,,,,,,,,,0.14794740970390402,,,,,,,,,,,,,,,,,,,
9_abalone,chain02_datawig,11,"['Shucked weight', 'Diameter', 'Viscera weight', 'Height', 'Length', 'Whole weight', 'Rings', 'Shell weight']",Rings,,,,,,,,,,,0.1621722515515007,,,,,,,,,,,,,,,,,,,
9_abalone,chain02_datawig,11,"['Shucked weight', 'Diameter', 'Viscera weight', 'Height', 'Length', 'Whole weight', 'Rings', 'Shell weight']",Shell weight,,,,,,,,,,,0.16428403526156077,,,,,,,,,,,,,,,,,,,
9_abalone,chain02_datawig,12,"['Shucked weight', 'Diameter', 'Viscera weight', 'Height', 'Length', 'Whole weight', 'Rings', 'Shell weight']",Shucked weight,,,,,,,,,,,,0.14456883785045493,,,,,,,,,,,,,,,,,,
9_abalone,chain02_datawig,12,"['Shucked weight', 'Diameter', 'Viscera weight', 'Height', 'Length', 'Whole weight', 'Rings', 'Shell weight']",Diameter,,,,,,,,,,,,0.1546709446936914,,,,,,,,,,,,,,,,,,
9_abalone,chain02_datawig,12,"['Shucked weight', 'Diameter', 'Viscera weight', 'Height', 'Length', 'Whole weight', 'Rings', 'Shell weight']",Viscera weight,,,,,,,,,,,,0.1751036085730504,,,,,,,,,,,,,,,,,,
9_abalone,chain02_datawig,12,"['Shucked weight', 'Diameter', 'Viscera weight', 'Height', 'Length', 'Whole weight', 'Rings', 'Shell weight']",Height,,,,,,,,,,,,0.14895702641845562,,,,,,,,,,,,,,,,,,
9_abalone,chain02_datawig,12,"['Shucked weight', 'Diameter', 'Viscera weight', 'Height', 'Length', 'Whole weight', 'Rings', 'Shell weight']",Length,,,,,,,,,,,,0.1789971963336049,,,,,,,,,,,,,,,,,,
9_abalone,chain02_datawig,12,"['Shucked weight', 'Diameter', 'Viscera weight', 'Height', 'Length', 'Whole weight', 'Rings', 'Shell weight']",Whole weight,,,,,,,,,,,,0.1669196863935207,,,,,,,,,,,,,,,,,,
9_abalone,chain02_datawig,12,"['Shucked weight', 'Diameter', 'Viscera weight', 'Height', 'Length', 'Whole weight', 'Rings', 'Shell weight']",Rings,,,,,,,,,,,,0.15560535793504307,,,,,,,,,,,,,,,,,,
9_abalone,chain02_datawig,12,"['Shucked weight', 'Diameter', 'Viscera weight', 'Height', 'Length', 'Whole weight', 'Rings', 'Shell weight']",Shell weight,,,,,,,,,,,,0.13467613063507197,,,,,,,,,,,,,,,,,,
9_abalone,chain02_datawig,13,"['Shucked weight', 'Diameter', 'Viscera weight', 'Height', 'Length', 'Whole weight', 'Rings', 'Shell weight']",Shucked weight,,,,,,,,,,,,,0.1475372804087761,,,,,,,,,,,,,,,,,
9_abalone,chain02_datawig,13,"['Shucked weight', 'Diameter', 'Viscera weight', 'Height', 'Length', 'Whole weight', 'Rings', 'Shell weight']",Diameter,,,,,,,,,,,,,0.19182754017293152,,,,,,,,,,,,,,,,,
9_abalone,chain02_datawig,13,"['Shucked weight', 'Diameter', 'Viscera weight', 'Height', 'Length', 'Whole weight', 'Rings', 'Shell weight']",Viscera weight,,,,,,,,,,,,,0.22385002314504893,,,,,,,,,,,,,,,,,
9_abalone,chain02_datawig,13,"['Shucked weight', 'Diameter', 'Viscera weight', 'Height', 'Length', 'Whole weight', 'Rings', 'Shell weight']",Height,,,,,,,,,,,,,0.17059503590461025,,,,,,,,,,,,,,,,,
9_abalone,chain02_datawig,13,"['Shucked weight', 'Diameter', 'Viscera weight', 'Height', 'Length', 'Whole weight', 'Rings', 'Shell weight']",Length,,,,,,,,,,,,,0.16837153653201553,,,,,,,,,,,,,,,,,
9_abalone,chain02_datawig,13,"['Shucked weight', 'Diameter', 'Viscera weight', 'Height', 'Length', 'Whole weight', 'Rings', 'Shell weight']",Whole weight,,,,,,,,,,,,,0.15716689325054406,,,,,,,,,,,,,,,,,
9_abalone,chain02_datawig,13,"['Shucked weight', 'Diameter', 'Viscera weight', 'Height', 'Length', 'Whole weight', 'Rings', 'Shell weight']",Rings,,,,,,,,,,,,,0.14408327432886317,,,,,,,,,,,,,,,,,
9_abalone,chain02_datawig,13,"['Shucked weight', 'Diameter', 'Viscera weight', 'Height', 'Length', 'Whole weight', 'Rings', 'Shell weight']",Shell weight,,,,,,,,,,,,,0.15339119071754692,,,,,,,,,,,,,,,,,
9_abalone,chain02_datawig,14,"['Shucked weight', 'Diameter', 'Viscera weight', 'Height', 'Length', 'Whole weight', 'Rings', 'Shell weight']",Shucked weight,,,,,,,,,,,,,,0.16516726932094491,,,,,,,,,,,,,,,,
9_abalone,chain02_datawig,14,"['Shucked weight', 'Diameter', 'Viscera weight', 'Height', 'Length', 'Whole weight', 'Rings', 'Shell weight']",Diameter,,,,,,,,,,,,,,0.1619379051164045,,,,,,,,,,,,,,,,
9_abalone,chain02_datawig,14,"['Shucked weight', 'Diameter', 'Viscera weight', 'Height', 'Length', 'Whole weight', 'Rings', 'Shell weight']",Viscera weight,,,,,,,,,,,,,,0.1613081234255466,,,,,,,,,,,,,,,,
9_abalone,chain02_datawig,14,"['Shucked weight', 'Diameter', 'Viscera weight', 'Height', 'Length', 'Whole weight', 'Rings', 'Shell weight']",Height,,,,,,,,,,,,,,0.06691101962400421,,,,,,,,,,,,,,,,
9_abalone,chain02_datawig,14,"['Shucked weight', 'Diameter', 'Viscera weight', 'Height', 'Length', 'Whole weight', 'Rings', 'Shell weight']",Length,,,,,,,,,,,,,,0.1773230754215315,,,,,,,,,,,,,,,,
9_abalone,chain02_datawig,14,"['Shucked weight', 'Diameter', 'Viscera weight', 'Height', 'Length', 'Whole weight', 'Rings', 'Shell weight']",Whole weight,,,,,,,,,,,,,,0.15887467088438179,,,,,,,,,,,,,,,,
9_abalone,chain02_datawig,14,"['Shucked weight', 'Diameter', 'Viscera weight', 'Height', 'Length', 'Whole weight', 'Rings', 'Shell weight']",Rings,,,,,,,,,,,,,,0.10790368881913862,,,,,,,,,,,,,,,,
9_abalone,chain02_datawig,14,"['Shucked weight', 'Diameter', 'Viscera weight', 'Height', 'Length', 'Whole weight', 'Rings', 'Shell weight']",Shell weight,,,,,,,,,,,,,,0.19191654807067968,,,,,,,,,,,,,,,,
9_abalone,chain02_datawig,15,"['Shucked weight', 'Diameter', 'Viscera weight', 'Height', 'Length', 'Whole weight', 'Rings', 'Shell weight']",Shucked weight,,,,,,,,,,,,,,,0.13248144458774969,,,,,,,,,,,,,,,
9_abalone,chain02_datawig,15,"['Shucked weight', 'Diameter', 'Viscera weight', 'Height', 'Length', 'Whole weight', 'Rings', 'Shell weight']",Diameter,,,,,,,,,,,,,,,0.16054212348102226,,,,,,,,,,,,,,,
9_abalone,chain02_datawig,15,"['Shucked weight', 'Diameter', 'Viscera weight', 'Height', 'Length', 'Whole weight', 'Rings', 'Shell weight']",Viscera weight,,,,,,,,,,,,,,,0.2289026769321292,,,,,,,,,,,,,,,
9_abalone,chain02_datawig,15,"['Shucked weight', 'Diameter', 'Viscera weight', 'Height', 'Length', 'Whole weight', 'Rings', 'Shell weight']",Height,,,,,,,,,,,,,,,0.19324324829082667,,,,,,,,,,,,,,,
9_abalone,chain02_datawig,15,"['Shucked weight', 'Diameter', 'Viscera weight', 'Height', 'Length', 'Whole weight', 'Rings', 'Shell weight']",Length,,,,,,,,,,,,,,,0.18344739761039247,,,,,,,,,,,,,,,
9_abalone,chain02_datawig,15,"['Shucked weight', 'Diameter', 'Viscera weight', 'Height', 'Length', 'Whole weight', 'Rings', 'Shell weight']",Whole weight,,,,,,,,,,,,,,,0.13529224384294858,,,,,,,,,,,,,,,
9_abalone,chain02_datawig,15,"['Shucked weight', 'Diameter', 'Viscera weight', 'Height', 'Length', 'Whole weight', 'Rings', 'Shell weight']",Rings,,,,,,,,,,,,,,,0.1856884884690653,,,,,,,,,,,,,,,
9_abalone,chain02_datawig,15,"['Shucked weight', 'Diameter', 'Viscera weight', 'Height', 'Length', 'Whole weight', 'Rings', 'Shell weight']",Shell weight,,,,,,,,,,,,,,,0.2680877816789709,,,,,,,,,,,,,,,
9_abalone,chain02_datawig,16,"['Shucked weight', 'Diameter', 'Viscera weight', 'Height', 'Length', 'Whole weight', 'Rings', 'Shell weight']",Shucked weight,,,,,,,,,,,,,,,,0.1838714237829713,,,,,,,,,,,,,,
9_abalone,chain02_datawig,16,"['Shucked weight', 'Diameter', 'Viscera weight', 'Height', 'Length', 'Whole weight', 'Rings', 'Shell weight']",Diameter,,,,,,,,,,,,,,,,0.1682498012517016,,,,,,,,,,,,,,
9_abalone,chain02_datawig,16,"['Shucked weight', 'Diameter', 'Viscera weight', 'Height', 'Length', 'Whole weight', 'Rings', 'Shell weight']",Viscera weight,,,,,,,,,,,,,,,,0.1719725607035518,,,,,,,,,,,,,,
9_abalone,chain02_datawig,16,"['Shucked weight', 'Diameter', 'Viscera weight', 'Height', 'Length', 'Whole weight', 'Rings', 'Shell weight']",Height,,,,,,,,,,,,,,,,0.16144321442265286,,,,,,,,,,,,,,
9_abalone,chain02_datawig,16,"['Shucked weight', 'Diameter', 'Viscera weight', 'Height', 'Length', 'Whole weight', 'Rings', 'Shell weight']",Length,,,,,,,,,,,,,,,,0.23619909223763366,,,,,,,,,,,,,,
9_abalone,chain02_datawig,16,"['Shucked weight', 'Diameter', 'Viscera weight', 'Height', 'Length', 'Whole weight', 'Rings', 'Shell weight']",Whole weight,,,,,,,,,,,,,,,,0.18358536035792872,,,,,,,,,,,,,,
9_abalone,chain02_datawig,16,"['Shucked weight', 'Diameter', 'Viscera weight', 'Height', 'Length', 'Whole weight', 'Rings', 'Shell weight']",Rings,,,,,,,,,,,,,,,,0.14646012096233377,,,,,,,,,,,,,,
9_abalone,chain02_datawig,16,"['Shucked weight', 'Diameter', 'Viscera weight', 'Height', 'Length', 'Whole weight', 'Rings', 'Shell weight']",Shell weight,,,,,,,,,,,,,,,,0.17392380051395703,,,,,,,,,,,,,,
9_abalone,chain02_datawig,17,"['Shucked weight', 'Diameter', 'Viscera weight', 'Height', 'Length', 'Whole weight', 'Rings', 'Shell weight']",Shucked weight,,,,,,,,,,,,,,,,,0.13868123575059702,,,,,,,,,,,,,
9_abalone,chain02_datawig,17,"['Shucked weight', 'Diameter', 'Viscera weight', 'Height', 'Length', 'Whole weight', 'Rings', 'Shell weight']",Diameter,,,,,,,,,,,,,,,,,0.16693303757798034,,,,,,,,,,,,,
9_abalone,chain02_datawig,17,"['Shucked weight', 'Diameter', 'Viscera weight', 'Height', 'Length', 'Whole weight', 'Rings', 'Shell weight']",Viscera weight,,,,,,,,,,,,,,,,,0.15978142154926694,,,,,,,,,,,,,
9_abalone,chain02_datawig,17,"['Shucked weight', 'Diameter', 'Viscera weight', 'Height', 'Length', 'Whole weight', 'Rings', 'Shell weight']",Height,,,,,,,,,,,,,,,,,0.12892829558227178,,,,,,,,,,,,,
9_abalone,chain02_datawig,17,"['Shucked weight', 'Diameter', 'Viscera weight', 'Height', 'Length', 'Whole weight', 'Rings', 'Shell weight']",Length,,,,,,,,,,,,,,,,,0.16945687575982019,,,,,,,,,,,,,
9_abalone,chain02_datawig,17,"['Shucked weight', 'Diameter', 'Viscera weight', 'Height', 'Length', 'Whole weight', 'Rings', 'Shell weight']",Whole weight,,,,,,,,,,,,,,,,,0.1706372213426096,,,,,,,,,,,,,
9_abalone,chain02_datawig,17,"['Shucked weight', 'Diameter', 'Viscera weight', 'Height', 'Length', 'Whole weight', 'Rings', 'Shell weight']",Rings,,,,,,,,,,,,,,,,,0.12917165018463725,,,,,,,,,,,,,
9_abalone,chain02_datawig,17,"['Shucked weight', 'Diameter', 'Viscera weight', 'Height', 'Length', 'Whole weight', 'Rings', 'Shell weight']",Shell weight,,,,,,,,,,,,,,,,,0.16539807995387704,,,,,,,,,,,,,
9_abalone,chain02_datawig,18,"['Shucked weight', 'Diameter', 'Viscera weight', 'Height', 'Length', 'Whole weight', 'Rings', 'Shell weight']",Shucked weight,,,,,,,,,,,,,,,,,,0.16922627360733705,,,,,,,,,,,,
9_abalone,chain02_datawig,18,"['Shucked weight', 'Diameter', 'Viscera weight', 'Height', 'Length', 'Whole weight', 'Rings', 'Shell weight']",Diameter,,,,,,,,,,,,,,,,,,0.15245078880470989,,,,,,,,,,,,
9_abalone,chain02_datawig,18,"['Shucked weight', 'Diameter', 'Viscera weight', 'Height', 'Length', 'Whole weight', 'Rings', 'Shell weight']",Viscera weight,,,,,,,,,,,,,,,,,,0.16009562301161967,,,,,,,,,,,,
9_abalone,chain02_datawig,18,"['Shucked weight', 'Diameter', 'Viscera weight', 'Height', 'Length', 'Whole weight', 'Rings', 'Shell weight']",Height,,,,,,,,,,,,,,,,,,0.18190130106273886,,,,,,,,,,,,
9_abalone,chain02_datawig,18,"['Shucked weight', 'Diameter', 'Viscera weight', 'Height', 'Length', 'Whole weight', 'Rings', 'Shell weight']",Length,,,,,,,,,,,,,,,,,,0.1793847421254799,,,,,,,,,,,,
9_abalone,chain02_datawig,18,"['Shucked weight', 'Diameter', 'Viscera weight', 'Height', 'Length', 'Whole weight', 'Rings', 'Shell weight']",Whole weight,,,,,,,,,,,,,,,,,,0.1679187166923001,,,,,,,,,,,,
9_abalone,chain02_datawig,18,"['Shucked weight', 'Diameter', 'Viscera weight', 'Height', 'Length', 'Whole weight', 'Rings', 'Shell weight']",Rings,,,,,,,,,,,,,,,,,,0.12599341812684534,,,,,,,,,,,,
9_abalone,chain02_datawig,18,"['Shucked weight', 'Diameter', 'Viscera weight', 'Height', 'Length', 'Whole weight', 'Rings', 'Shell weight']",Shell weight,,,,,,,,,,,,,,,,,,0.1425542641550815,,,,,,,,,,,,
9_abalone,chain02_datawig,19,"['Shucked weight', 'Diameter', 'Viscera weight', 'Height', 'Length', 'Whole weight', 'Rings', 'Shell weight']",Shucked weight,,,,,,,,,,,,,,,,,,,0.157121985722433,,,,,,,,,,,
9_abalone,chain02_datawig,19,"['Shucked weight', 'Diameter', 'Viscera weight', 'Height', 'Length', 'Whole weight', 'Rings', 'Shell weight']",Diameter,,,,,,,,,,,,,,,,,,,0.15179101299287429,,,,,,,,,,,
9_abalone,chain02_datawig,19,"['Shucked weight', 'Diameter', 'Viscera weight', 'Height', 'Length', 'Whole weight', 'Rings', 'Shell weight']",Viscera weight,,,,,,,,,,,,,,,,,,,0.18534782928243618,,,,,,,,,,,
9_abalone,chain02_datawig,19,"['Shucked weight', 'Diameter', 'Viscera weight', 'Height', 'Length', 'Whole weight', 'Rings', 'Shell weight']",Height,,,,,,,,,,,,,,,,,,,0.32786286101508894,,,,,,,,,,,
9_abalone,chain02_datawig,19,"['Shucked weight', 'Diameter', 'Viscera weight', 'Height', 'Length', 'Whole weight', 'Rings', 'Shell weight']",Length,,,,,,,,,,,,,,,,,,,0.1805379672220428,,,,,,,,,,,
9_abalone,chain02_datawig,19,"['Shucked weight', 'Diameter', 'Viscera weight', 'Height', 'Length', 'Whole weight', 'Rings', 'Shell weight']",Whole weight,,,,,,,,,,,,,,,,,,,0.17884426990395555,,,,,,,,,,,
9_abalone,chain02_datawig,19,"['Shucked weight', 'Diameter', 'Viscera weight', 'Height', 'Length', 'Whole weight', 'Rings', 'Shell weight']",Rings,,,,,,,,,,,,,,,,,,,0.1312535525985327,,,,,,,,,,,
9_abalone,chain02_datawig,19,"['Shucked weight', 'Diameter', 'Viscera weight', 'Height', 'Length', 'Whole weight', 'Rings', 'Shell weight']",Shell weight,,,,,,,,,,,,,,,,,,,0.15931201960033375,,,,,,,,,,,
9_abalone,chain02_datawig,20,"['Shucked weight', 'Diameter', 'Viscera weight', 'Height', 'Length', 'Whole weight', 'Rings', 'Shell weight']",Shucked weight,,,,,,,,,,,,,,,,,,,,0.16286306994378044,,,,,,,,,,
9_abalone,chain02_datawig,20,"['Shucked weight', 'Diameter', 'Viscera weight', 'Height', 'Length', 'Whole weight', 'Rings', 'Shell weight']",Diameter,,,,,,,,,,,,,,,,,,,,0.16730226952928873,,,,,,,,,,
9_abalone,chain02_datawig,20,"['Shucked weight', 'Diameter', 'Viscera weight', 'Height', 'Length', 'Whole weight', 'Rings', 'Shell weight']",Viscera weight,,,,,,,,,,,,,,,,,,,,0.1674691798393477,,,,,,,,,,
9_abalone,chain02_datawig,20,"['Shucked weight', 'Diameter', 'Viscera weight', 'Height', 'Length', 'Whole weight', 'Rings', 'Shell weight']",Height,,,,,,,,,,,,,,,,,,,,0.17670092477178065,,,,,,,,,,
9_abalone,chain02_datawig,20,"['Shucked weight', 'Diameter', 'Viscera weight', 'Height', 'Length', 'Whole weight', 'Rings', 'Shell weight']",Length,,,,,,,,,,,,,,,,,,,,0.16603352160500048,,,,,,,,,,
9_abalone,chain02_datawig,20,"['Shucked weight', 'Diameter', 'Viscera weight', 'Height', 'Length', 'Whole weight', 'Rings', 'Shell weight']",Whole weight,,,,,,,,,,,,,,,,,,,,0.16980584625651846,,,,,,,,,,
9_abalone,chain02_datawig,20,"['Shucked weight', 'Diameter', 'Viscera weight', 'Height', 'Length', 'Whole weight', 'Rings', 'Shell weight']",Rings,,,,,,,,,,,,,,,,,,,,0.09852957713471713,,,,,,,,,,
9_abalone,chain02_datawig,20,"['Shucked weight', 'Diameter', 'Viscera weight', 'Height', 'Length', 'Whole weight', 'Rings', 'Shell weight']",Shell weight,,,,,,,,,,,,,,,,,,,,0.16506199726786686,,,,,,,,,,
9_abalone,chain02_datawig,21,"['Shucked weight', 'Diameter', 'Viscera weight', 'Height', 'Length', 'Whole weight', 'Rings', 'Shell weight']",Shucked weight,,,,,,,,,,,,,,,,,,,,,0.17689071651434438,,,,,,,,,
9_abalone,chain02_datawig,21,"['Shucked weight', 'Diameter', 'Viscera weight', 'Height', 'Length', 'Whole weight', 'Rings', 'Shell weight']",Diameter,,,,,,,,,,,,,,,,,,,,,0.15753029693796672,,,,,,,,,
9_abalone,chain02_datawig,21,"['Shucked weight', 'Diameter', 'Viscera weight', 'Height', 'Length', 'Whole weight', 'Rings', 'Shell weight']",Viscera weight,,,,,,,,,,,,,,,,,,,,,0.17622637514048475,,,,,,,,,
9_abalone,chain02_datawig,21,"['Shucked weight', 'Diameter', 'Viscera weight', 'Height', 'Length', 'Whole weight', 'Rings', 'Shell weight']",Height,,,,,,,,,,,,,,,,,,,,,0.03098956149826792,,,,,,,,,
9_abalone,chain02_datawig,21,"['Shucked weight', 'Diameter', 'Viscera weight', 'Height', 'Length', 'Whole weight', 'Rings', 'Shell weight']",Length,,,,,,,,,,,,,,,,,,,,,0.1589344713941282,,,,,,,,,
9_abalone,chain02_datawig,21,"['Shucked weight', 'Diameter', 'Viscera weight', 'Height', 'Length', 'Whole weight', 'Rings', 'Shell weight']",Whole weight,,,,,,,,,,,,,,,,,,,,,0.16805824274504916,,,,,,,,,
9_abalone,chain02_datawig,21,"['Shucked weight', 'Diameter', 'Viscera weight', 'Height', 'Length', 'Whole weight', 'Rings', 'Shell weight']",Rings,,,,,,,,,,,,,,,,,,,,,0.12585887473811413,,,,,,,,,
9_abalone,chain02_datawig,21,"['Shucked weight', 'Diameter', 'Viscera weight', 'Height', 'Length', 'Whole weight', 'Rings', 'Shell weight']",Shell weight,,,,,,,,,,,,,,,,,,,,,0.16481726384066883,,,,,,,,,
9_abalone,chain02_datawig,22,"['Shucked weight', 'Diameter', 'Viscera weight', 'Height', 'Length', 'Whole weight', 'Rings', 'Shell weight']",Shucked weight,,,,,,,,,,,,,,,,,,,,,,0.15598695391685463,,,,,,,,
9_abalone,chain02_datawig,22,"['Shucked weight', 'Diameter', 'Viscera weight', 'Height', 'Length', 'Whole weight', 'Rings', 'Shell weight']",Diameter,,,,,,,,,,,,,,,,,,,,,,0.17825516115486975,,,,,,,,
9_abalone,chain02_datawig,22,"['Shucked weight', 'Diameter', 'Viscera weight', 'Height', 'Length', 'Whole weight', 'Rings', 'Shell weight']",Viscera weight,,,,,,,,,,,,,,,,,,,,,,0.1731247214568862,,,,,,,,
9_abalone,chain02_datawig,22,"['Shucked weight', 'Diameter', 'Viscera weight', 'Height', 'Length', 'Whole weight', 'Rings', 'Shell weight']",Height,,,,,,,,,,,,,,,,,,,,,,0.138812428503512,,,,,,,,
9_abalone,chain02_datawig,22,"['Shucked weight', 'Diameter', 'Viscera weight', 'Height', 'Length', 'Whole weight', 'Rings', 'Shell weight']",Length,,,,,,,,,,,,,,,,,,,,,,0.20739137614726097,,,,,,,,
9_abalone,chain02_datawig,22,"['Shucked weight', 'Diameter', 'Viscera weight', 'Height', 'Length', 'Whole weight', 'Rings', 'Shell weight']",Whole weight,,,,,,,,,,,,,,,,,,,,,,0.23190562049520827,,,,,,,,
9_abalone,chain02_datawig,22,"['Shucked weight', 'Diameter', 'Viscera weight', 'Height', 'Length', 'Whole weight', 'Rings', 'Shell weight']",Rings,,,,,,,,,,,,,,,,,,,,,,0.1552101445020087,,,,,,,,
9_abalone,chain02_datawig,22,"['Shucked weight', 'Diameter', 'Viscera weight', 'Height', 'Length', 'Whole weight', 'Rings', 'Shell weight']",Shell weight,,,,,,,,,,,,,,,,,,,,,,0.32775458472807456,,,,,,,,
9_abalone,chain02_datawig,23,"['Shucked weight', 'Diameter', 'Viscera weight', 'Height', 'Length', 'Whole weight', 'Rings', 'Shell weight']",Shucked weight,,,,,,,,,,,,,,,,,,,,,,,0.17469210667990506,,,,,,,
9_abalone,chain02_datawig,23,"['Shucked weight', 'Diameter', 'Viscera weight', 'Height', 'Length', 'Whole weight', 'Rings', 'Shell weight']",Diameter,,,,,,,,,,,,,,,,,,,,,,,0.1650984990880787,,,,,,,
9_abalone,chain02_datawig,23,"['Shucked weight', 'Diameter', 'Viscera weight', 'Height', 'Length', 'Whole weight', 'Rings', 'Shell weight']",Viscera weight,,,,,,,,,,,,,,,,,,,,,,,0.18509261586228848,,,,,,,
9_abalone,chain02_datawig,23,"['Shucked weight', 'Diameter', 'Viscera weight', 'Height', 'Length', 'Whole weight', 'Rings', 'Shell weight']",Height,,,,,,,,,,,,,,,,,,,,,,,0.15045369358479882,,,,,,,
9_abalone,chain02_datawig,23,"['Shucked weight', 'Diameter', 'Viscera weight', 'Height', 'Length', 'Whole weight', 'Rings', 'Shell weight']",Length,,,,,,,,,,,,,,,,,,,,,,,0.20480035301326469,,,,,,,
9_abalone,chain02_datawig,23,"['Shucked weight', 'Diameter', 'Viscera weight', 'Height', 'Length', 'Whole weight', 'Rings', 'Shell weight']",Whole weight,,,,,,,,,,,,,,,,,,,,,,,0.17949458106032196,,,,,,,
9_abalone,chain02_datawig,23,"['Shucked weight', 'Diameter', 'Viscera weight', 'Height', 'Length', 'Whole weight', 'Rings', 'Shell weight']",Rings,,,,,,,,,,,,,,,,,,,,,,,0.12478665209934447,,,,,,,
9_abalone,chain02_datawig,23,"['Shucked weight', 'Diameter', 'Viscera weight', 'Height', 'Length', 'Whole weight', 'Rings', 'Shell weight']",Shell weight,,,,,,,,,,,,,,,,,,,,,,,0.1594099476266927,,,,,,,
9_abalone,chain02_datawig,24,"['Shucked weight', 'Diameter', 'Viscera weight', 'Height', 'Length', 'Whole weight', 'Rings', 'Shell weight']",Shucked weight,,,,,,,,,,,,,,,,,,,,,,,,0.14354067745069055,,,,,,
9_abalone,chain02_datawig,24,"['Shucked weight', 'Diameter', 'Viscera weight', 'Height', 'Length', 'Whole weight', 'Rings', 'Shell weight']",Diameter,,,,,,,,,,,,,,,,,,,,,,,,0.18384115442929821,,,,,,
9_abalone,chain02_datawig,24,"['Shucked weight', 'Diameter', 'Viscera weight', 'Height', 'Length', 'Whole weight', 'Rings', 'Shell weight']",Viscera weight,,,,,,,,,,,,,,,,,,,,,,,,0.18434543583653493,,,,,,
9_abalone,chain02_datawig,24,"['Shucked weight', 'Diameter', 'Viscera weight', 'Height', 'Length', 'Whole weight', 'Rings', 'Shell weight']",Height,,,,,,,,,,,,,,,,,,,,,,,,0.26565414574529506,,,,,,
9_abalone,chain02_datawig,24,"['Shucked weight', 'Diameter', 'Viscera weight', 'Height', 'Length', 'Whole weight', 'Rings', 'Shell weight']",Length,,,,,,,,,,,,,,,,,,,,,,,,0.1733852634648533,,,,,,
9_abalone,chain02_datawig,24,"['Shucked weight', 'Diameter', 'Viscera weight', 'Height', 'Length', 'Whole weight', 'Rings', 'Shell weight']",Whole weight,,,,,,,,,,,,,,,,,,,,,,,,0.1887739178691792,,,,,,
9_abalone,chain02_datawig,24,"['Shucked weight', 'Diameter', 'Viscera weight', 'Height', 'Length', 'Whole weight', 'Rings', 'Shell weight']",Rings,,,,,,,,,,,,,,,,,,,,,,,,0.10336721156410082,,,,,,
9_abalone,chain02_datawig,24,"['Shucked weight', 'Diameter', 'Viscera weight', 'Height', 'Length', 'Whole weight', 'Rings', 'Shell weight']",Shell weight,,,,,,,,,,,,,,,,,,,,,,,,0.17802861887479107,,,,,,
9_abalone,chain02_datawig,25,"['Shucked weight', 'Diameter', 'Viscera weight', 'Height', 'Length', 'Whole weight', 'Rings', 'Shell weight']",Shucked weight,,,,,,,,,,,,,,,,,,,,,,,,,0.15098072781411434,,,,,
9_abalone,chain02_datawig,25,"['Shucked weight', 'Diameter', 'Viscera weight', 'Height', 'Length', 'Whole weight', 'Rings', 'Shell weight']",Diameter,,,,,,,,,,,,,,,,,,,,,,,,,0.1580804519474247,,,,,
9_abalone,chain02_datawig,25,"['Shucked weight', 'Diameter', 'Viscera weight', 'Height', 'Length', 'Whole weight', 'Rings', 'Shell weight']",Viscera weight,,,,,,,,,,,,,,,,,,,,,,,,,0.16386404064680818,,,,,
9_abalone,chain02_datawig,25,"['Shucked weight', 'Diameter', 'Viscera weight', 'Height', 'Length', 'Whole weight', 'Rings', 'Shell weight']",Height,,,,,,,,,,,,,,,,,,,,,,,,,0.1246756973278265,,,,,
9_abalone,chain02_datawig,25,"['Shucked weight', 'Diameter', 'Viscera weight', 'Height', 'Length', 'Whole weight', 'Rings', 'Shell weight']",Length,,,,,,,,,,,,,,,,,,,,,,,,,0.18851333997366074,,,,,
9_abalone,chain02_datawig,25,"['Shucked weight', 'Diameter', 'Viscera weight', 'Height', 'Length', 'Whole weight', 'Rings', 'Shell weight']",Whole weight,,,,,,,,,,,,,,,,,,,,,,,,,0.15507753055661158,,,,,
9_abalone,chain02_datawig,25,"['Shucked weight', 'Diameter', 'Viscera weight', 'Height', 'Length', 'Whole weight', 'Rings', 'Shell weight']",Rings,,,,,,,,,,,,,,,,,,,,,,,,,0.13561644605233047,,,,,
9_abalone,chain02_datawig,25,"['Shucked weight', 'Diameter', 'Viscera weight', 'Height', 'Length', 'Whole weight', 'Rings', 'Shell weight']",Shell weight,,,,,,,,,,,,,,,,,,,,,,,,,0.1706550758268155,,,,,
9_abalone,chain02_datawig,26,"['Shucked weight', 'Diameter', 'Viscera weight', 'Height', 'Length', 'Whole weight', 'Rings', 'Shell weight']",Shucked weight,,,,,,,,,,,,,,,,,,,,,,,,,,0.15787721147959166,,,,
9_abalone,chain02_datawig,26,"['Shucked weight', 'Diameter', 'Viscera weight', 'Height', 'Length', 'Whole weight', 'Rings', 'Shell weight']",Diameter,,,,,,,,,,,,,,,,,,,,,,,,,,0.1859374964659605,,,,
9_abalone,chain02_datawig,26,"['Shucked weight', 'Diameter', 'Viscera weight', 'Height', 'Length', 'Whole weight', 'Rings', 'Shell weight']",Viscera weight,,,,,,,,,,,,,,,,,,,,,,,,,,0.19307393228497,,,,
9_abalone,chain02_datawig,26,"['Shucked weight', 'Diameter', 'Viscera weight', 'Height', 'Length', 'Whole weight', 'Rings', 'Shell weight']",Height,,,,,,,,,,,,,,,,,,,,,,,,,,0.15026603539804134,,,,
9_abalone,chain02_datawig,26,"['Shucked weight', 'Diameter', 'Viscera weight', 'Height', 'Length', 'Whole weight', 'Rings', 'Shell weight']",Length,,,,,,,,,,,,,,,,,,,,,,,,,,0.1744302654967672,,,,
9_abalone,chain02_datawig,26,"['Shucked weight', 'Diameter', 'Viscera weight', 'Height', 'Length', 'Whole weight', 'Rings', 'Shell weight']",Whole weight,,,,,,,,,,,,,,,,,,,,,,,,,,0.18030058039734578,,,,
9_abalone,chain02_datawig,26,"['Shucked weight', 'Diameter', 'Viscera weight', 'Height', 'Length', 'Whole weight', 'Rings', 'Shell weight']",Rings,,,,,,,,,,,,,,,,,,,,,,,,,,0.24303504187825412,,,,
9_abalone,chain02_datawig,26,"['Shucked weight', 'Diameter', 'Viscera weight', 'Height', 'Length', 'Whole weight', 'Rings', 'Shell weight']",Shell weight,,,,,,,,,,,,,,,,,,,,,,,,,,0.13731183154346768,,,,
9_abalone,chain02_datawig,27,"['Shucked weight', 'Diameter', 'Viscera weight', 'Height', 'Length', 'Whole weight', 'Rings', 'Shell weight']",Shucked weight,,,,,,,,,,,,,,,,,,,,,,,,,,,0.1686524626853981,,,
9_abalone,chain02_datawig,27,"['Shucked weight', 'Diameter', 'Viscera weight', 'Height', 'Length', 'Whole weight', 'Rings', 'Shell weight']",Diameter,,,,,,,,,,,,,,,,,,,,,,,,,,,0.15457971884811492,,,
9_abalone,chain02_datawig,27,"['Shucked weight', 'Diameter', 'Viscera weight', 'Height', 'Length', 'Whole weight', 'Rings', 'Shell weight']",Viscera weight,,,,,,,,,,,,,,,,,,,,,,,,,,,0.1520133095320053,,,
9_abalone,chain02_datawig,27,"['Shucked weight', 'Diameter', 'Viscera weight', 'Height', 'Length', 'Whole weight', 'Rings', 'Shell weight']",Height,,,,,,,,,,,,,,,,,,,,,,,,,,,0.1317299883086838,,,
9_abalone,chain02_datawig,27,"['Shucked weight', 'Diameter', 'Viscera weight', 'Height', 'Length', 'Whole weight', 'Rings', 'Shell weight']",Length,,,,,,,,,,,,,,,,,,,,,,,,,,,0.2032439673548978,,,
9_abalone,chain02_datawig,27,"['Shucked weight', 'Diameter', 'Viscera weight', 'Height', 'Length', 'Whole weight', 'Rings', 'Shell weight']",Whole weight,,,,,,,,,,,,,,,,,,,,,,,,,,,0.16357099783538218,,,
9_abalone,chain02_datawig,27,"['Shucked weight', 'Diameter', 'Viscera weight', 'Height', 'Length', 'Whole weight', 'Rings', 'Shell weight']",Rings,,,,,,,,,,,,,,,,,,,,,,,,,,,0.12161627124212802,,,
9_abalone,chain02_datawig,27,"['Shucked weight', 'Diameter', 'Viscera weight', 'Height', 'Length', 'Whole weight', 'Rings', 'Shell weight']",Shell weight,,,,,,,,,,,,,,,,,,,,,,,,,,,0.12497530816666566,,,
9_abalone,chain02_datawig,28,"['Shucked weight', 'Diameter', 'Viscera weight', 'Height', 'Length', 'Whole weight', 'Rings', 'Shell weight']",Shucked weight,,,,,,,,,,,,,,,,,,,,,,,,,,,,0.1531866545771932,,
9_abalone,chain02_datawig,28,"['Shucked weight', 'Diameter', 'Viscera weight', 'Height', 'Length', 'Whole weight', 'Rings', 'Shell weight']",Diameter,,,,,,,,,,,,,,,,,,,,,,,,,,,,0.17803563868065064,,
9_abalone,chain02_datawig,28,"['Shucked weight', 'Diameter', 'Viscera weight', 'Height', 'Length', 'Whole weight', 'Rings', 'Shell weight']",Viscera weight,,,,,,,,,,,,,,,,,,,,,,,,,,,,0.16678070415709406,,
9_abalone,chain02_datawig,28,"['Shucked weight', 'Diameter', 'Viscera weight', 'Height', 'Length', 'Whole weight', 'Rings', 'Shell weight']",Height,,,,,,,,,,,,,,,,,,,,,,,,,,,,0.03317079997434665,,
9_abalone,chain02_datawig,28,"['Shucked weight', 'Diameter', 'Viscera weight', 'Height', 'Length', 'Whole weight', 'Rings', 'Shell weight']",Length,,,,,,,,,,,,,,,,,,,,,,,,,,,,0.14793678390653503,,
9_abalone,chain02_datawig,28,"['Shucked weight', 'Diameter', 'Viscera weight', 'Height', 'Length', 'Whole weight', 'Rings', 'Shell weight']",Whole weight,,,,,,,,,,,,,,,,,,,,,,,,,,,,0.15627838664165428,,
9_abalone,chain02_datawig,28,"['Shucked weight', 'Diameter', 'Viscera weight', 'Height', 'Length', 'Whole weight', 'Rings', 'Shell weight']",Rings,,,,,,,,,,,,,,,,,,,,,,,,,,,,0.1372729569540897,,
9_abalone,chain02_datawig,28,"['Shucked weight', 'Diameter', 'Viscera weight', 'Height', 'Length', 'Whole weight', 'Rings', 'Shell weight']",Shell weight,,,,,,,,,,,,,,,,,,,,,,,,,,,,0.1715588388963308,,
9_abalone,chain02_datawig,29,"['Shucked weight', 'Diameter', 'Viscera weight', 'Height', 'Length', 'Whole weight', 'Rings', 'Shell weight']",Shucked weight,,,,,,,,,,,,,,,,,,,,,,,,,,,,,0.15050540045484836,
9_abalone,chain02_datawig,29,"['Shucked weight', 'Diameter', 'Viscera weight', 'Height', 'Length', 'Whole weight', 'Rings', 'Shell weight']",Diameter,,,,,,,,,,,,,,,,,,,,,,,,,,,,,0.14018373003070536,
9_abalone,chain02_datawig,29,"['Shucked weight', 'Diameter', 'Viscera weight', 'Height', 'Length', 'Whole weight', 'Rings', 'Shell weight']",Viscera weight,,,,,,,,,,,,,,,,,,,,,,,,,,,,,0.16868350104770274,
9_abalone,chain02_datawig,29,"['Shucked weight', 'Diameter', 'Viscera weight', 'Height', 'Length', 'Whole weight', 'Rings', 'Shell weight']",Height,,,,,,,,,,,,,,,,,,,,,,,,,,,,,0.274380207762098,
9_abalone,chain02_datawig,29,"['Shucked weight', 'Diameter', 'Viscera weight', 'Height', 'Length', 'Whole weight', 'Rings', 'Shell weight']",Length,,,,,,,,,,,,,,,,,,,,,,,,,,,,,0.16346938442506015,
9_abalone,chain02_datawig,29,"['Shucked weight', 'Diameter', 'Viscera weight', 'Height', 'Length', 'Whole weight', 'Rings', 'Shell weight']",Whole weight,,,,,,,,,,,,,,,,,,,,,,,,,,,,,0.2223188736101478,
9_abalone,chain02_datawig,29,"['Shucked weight', 'Diameter', 'Viscera weight', 'Height', 'Length', 'Whole weight', 'Rings', 'Shell weight']",Rings,,,,,,,,,,,,,,,,,,,,,,,,,,,,,0.16950021025535755,
9_abalone,chain02_datawig,29,"['Shucked weight', 'Diameter', 'Viscera weight', 'Height', 'Length', 'Whole weight', 'Rings', 'Shell weight']",Shell weight,,,,,,,,,,,,,,,,,,,,,,,,,,,,,0.1965418204742202,
9_abalone,chain02_datawig,30,"['Shucked weight', 'Diameter', 'Viscera weight', 'Height', 'Length', 'Whole weight', 'Rings', 'Shell weight']",Shucked weight,,,,,,,,,,,,,,,,,,,,,,,,,,,,,,0.16380230692622275
9_abalone,chain02_datawig,30,"['Shucked weight', 'Diameter', 'Viscera weight', 'Height', 'Length', 'Whole weight', 'Rings', 'Shell weight']",Diameter,,,,,,,,,,,,,,,,,,,,,,,,,,,,,,0.14465196300217778
9_abalone,chain02_datawig,30,"['Shucked weight', 'Diameter', 'Viscera weight', 'Height', 'Length', 'Whole weight', 'Rings', 'Shell weight']",Viscera weight,,,,,,,,,,,,,,,,,,,,,,,,,,,,,,0.18453118320953418
9_abalone,chain02_datawig,30,"['Shucked weight', 'Diameter', 'Viscera weight', 'Height', 'Length', 'Whole weight', 'Rings', 'Shell weight']",Height,,,,,,,,,,,,,,,,,,,,,,,,,,,,,,0.15873239347430218
9_abalone,chain02_datawig,30,"['Shucked weight', 'Diameter', 'Viscera weight', 'Height', 'Length', 'Whole weight', 'Rings', 'Shell weight']",Length,,,,,,,,,,,,,,,,,,,,,,,,,,,,,,0.17235445914436812
9_abalone,chain02_datawig,30,"['Shucked weight', 'Diameter', 'Viscera weight', 'Height', 'Length', 'Whole weight', 'Rings', 'Shell weight']",Whole weight,,,,,,,,,,,,,,,,,,,,,,,,,,,,,,0.2834872912433034
9_abalone,chain02_datawig,30,"['Shucked weight', 'Diameter', 'Viscera weight', 'Height', 'Length', 'Whole weight', 'Rings', 'Shell weight']",Rings,,,,,,,,,,,,,,,,,,,,,,,,,,,,,,0.12498805974990213
9_abalone,chain02_datawig,30,"['Shucked weight', 'Diameter', 'Viscera weight', 'Height', 'Length', 'Whole weight', 'Rings', 'Shell weight']",Shell weight,,,,,,,,,,,,,,,,,,,,,,,,,,,,,,0.14324816874368135
